{
  "vehicles": [
    {
      "year": "2022",
      "vehicle": "C40 recharge",
      "VIN": "V12LK45679WE1296",
      "status": "In Transit",
      "location": "factory 1234",
      "monroney": "N/A"
    },
    {
      "year": "2022",
      "vehicle": "C40 recharge",
      "VIN": "V12LK45679WE1376",
      "status": "Allocated",
      "location": "factory 1234",
      "monroney": "N/A"
    },
    {
      "year": "2022",
      "vehicle": "C40 recharge",
      "VIN": "V12LK45679WE1426",
      "status": "Allocated",
      "location": "factory 1234",
      "monroney": "N/A"
    },
    {
      "year": "2022",
      "vehicle": "C40 recharge",
      "VIN": "V12LK45679WE1566",
      "status": "Allocated",
      "location": "factory 1234",
      "monroney": "N/A"
    },
    {
      "year": "2022",
      "vehicle": "C40 recharge",
      "VIN": "V12LK45679WE1431",
      "status": "Build Sheet",
      "location": "factory 1234",
      "monroney": "N/A"
    },
    {
      "year": "2022",
      "vehicle": "C40 recharge",
      "VIN": "V12LK45679WE1112",
      "status": "Build Sheet",
      "location": "factory 1234",
      "monroney": "N/A"
    },
    {
      "year": "2022",
      "vehicle": "C40 recharge",
      "VIN": "V12LK45679WE1098",
      "status": "Allocated",
      "location": "factory 1234",
      "monroney": "N/A"
    },
    {
      "year": "2022",
      "vehicle": "C40 recharge",
      "VIN": "V12LK45679WE1876",
      "status": "In Transit",
      "location": "factory 1234",
      "monroney": "N/A"
    },
    {
      "year": "2022",
      "vehicle": "C40 recharge",
      "VIN": "V12LK45679WE1886",
      "status": "Build Sheet",
      "location": "factory 1234",
      "monroney": "N/A"
    },
    {
      "year": "2022",
      "vehicle": "C40 recharge",
      "VIN": "V12LK45679WE2266",
      "status": "Allocated",
      "location": "factory 1234",
      "monroney": "N/A"
    },
    {
      "year": "2022",
      "vehicle": "C40 recharge",
      "VIN": "V12LK45679WE6796",
      "status": "Build Sheet",
      "location": "factory 1234",
      "monroney": "N/A"
    },
    {
      "year": "2022",
      "vehicle": "C40 recharge",
      "VIN": "V12LK45679WE8991",
      "status": "Build Sheet",
      "location": "factory 1234",
      "monroney": "N/A"
    },
    {
      "year": "2022",
      "vehicle": "C40 recharge",
      "VIN": "V12LK45679WE7842",
      "status": "Allocated",
      "location": "factory 1234",
      "monroney": "N/A"
    },
    {
      "year": "2022",
      "vehicle": "C40 recharge",
      "VIN": "V12LK45679WE0987",
      "status": "In Transit",
      "location": "factory 1234",
      "monroney": "N/A"
    },
    {
      "year": "2022",
      "vehicle": "C40 recharge",
      "VIN": "V12LK45679WE7765",
      "status": "Allocated",
      "location": "factory 1234",
      "monroney": "N/A"
    },
    {
      "year": "2022",
      "vehicle": "C40 recharge",
      "VIN": "V12LK45679WE9987",
      "status": "Allocated",
      "location": "factory 1234",
      "monroney": "N/A"
    }
  ],

  "details_by_vin": {
    "performance": {
      "car_id": 1,
      "type": "feature",
      "performance_id": 22,
      "details": "2.0L Turbo-Charged, Direct Injected Engine\n247 HP @ 5400 RPM and 258 b-ft Torque 1800 RPM\n48V Mild Hybrid System w/ Regen Braking/13 HP ISG\n8-Speed Geartronic Automatic Trans w/ Start-Stop\nDynamic Chassis Double Wishbone Front& Integral Link Rear Susp \nAnti-Lock Braking Sys (ABS) w/ Hill Start Assist \nAdvanced Electronic Stability Control (ESC) \nElectric Power Assisted Steering \n18 Alloy Wheels with All-Season Tires"
    },
    "audio_and_technology": {
      "car_id": 1,
      "type": "feature",
      "audio_and_technology_id": 25,
      "details": "12.3 Progressive Digital Driver Display.\nwith 2 display modes: Calm and Navi Mode\n9 Integrated Touchscreen\n4-Year Subscription to Google Automotive Services:\nFeat. Google Assistant Natural Voice Recognition\nGoogle Maps and Google Play\nInductive Smartphone Charging\nBluetooth Connectivity wl Audio Streaming\nFM Radio\nHigh Performance Audio System\nUSB-C Ports, 2 Front +2 Rear"
    },
    "safety_and_security": {
      "car_id": 1,
      "type": "feature",
      "safety_and_security_id": 88,
      "details": "\nLED Headlights with DRL, AHB and ABL\nBlind Spot Information System with Steer Assist\nand Cross Traffic Alert with Autobrake\nCollision Avoidance featuring:\nLow&High Speed Collision Mitigation\nDetects Vehicle/Pedestrian/Cyclist/Large Animal\nDriver Alert Control\nRun-off Road Protection& Run-off Road Mitigation\nLane Departure Warning/Lane Keeping Aid\nOncoming Mitigation by Braking\nFront, Side & Curtain Airbags\nwith Driver Side Knee Airbag\nWhiplash Protection System (WHIPS) in Front Seats\nConnected Safety: Slippery Road/Hazard Light Alert\nRear Park Assist Camera + Rear Park Assist\nChild Lock, Rear Doors\nAutomatic Braking after Collision\nAutomatic Unlocking after Collision"
    },
    "luxury_and_convenience": {
      "car_id": 1,
      "type": "feature",
      "luxury_and_convenience_id": 24,
      "details": "\nLaminated Panoramic Moonroof w/ Power Sunshade\nCity Weave Textile Seating Surfaces\nTilt& Telescopic Steering Wheel\nKeyless Entry& Drive w/ lluminated Door Handles\nIntegrated Roof Rails\nFront Grille, High Gloss Black\nBright Window Surround\nPower Front Seats w/ Driver Seat Memory\nInclud. Power Lumbar Support\n2-Zone Automatic Climate Control+CleanZone\nAuto Dimming Interior & Exterior Mirrors\nRetractable Side View Mirrors\nTinted Windows, Rear Side Doors and Cargo\nWiper Blades with Integrated Washers\nTempa Spare Wheel incl. Jack Kit\nBody Colored Rear Insert\nluminated Vanity Mirror in Sunvisors"
    },
    "authorized_retailer": {
      "car_id": 1,
      "type": "feature",
      "authorized_retailer_id": 90,
      "details": "VOLVO CARS ATHENS 7149 \n2890 ATLANTA HIGHWAY \nATHENS, GA 30606"
    },
    "warranty": {
      "car_id": 1,
      "type": "feature",
      "warranty_id": 11,
      "details": "\n48 Month/50,000 Mile Limited Waranty Coverage\n144 Month Corrosion Protection Unlimited Mileage\nRefer to Warranty Info Book for Specific Limitations.\nVOLVO On-Call Roadside Assistance\nVolvo Increased Protection: AskY\nAbout an Extended Service Contract\nour Volvo Retailer"
    },
    "maintenance": {
      "car_id": 1,
      "type": "feature",
      "maintenance_id": 78,
      "details": "Complimentary Factory Scheduled Maintenance for the First 3 Years or 36,000 Miles"
    },
    "accessories": {
      "car_id": 1,
      "type": "feature",
      "accessories_id": 34,
      "details": "Enhance the driving pleasure with Volvo accessories.\nEnrich the styling, integrate technology, boost\nperformance, or simply carry more cargo from\nfunction to fun, there's something for everyone.\nOHO\nTo view full accessory product line-\nScan this Smartphone QR code\nor visit https://accessories.volvocars.com/en-us"
    },
    "join_the_conversation": {
      "car_id": 1,
      "type": "feature",
      "join_the_conversation_id": 21,
      "details": "See what our fans are saying about Volvo and join in!\nHave a question?\nFeel free to ask us on Twitter!@VolvoCarUSA\nScan this Smartphone QR code\nInstagram: @VolvoCarUSA\nFacebook: Volvo Car USA\nYouTube: Volvo Car USA"
    },
    "pricing": {
      "pricing_id": 26,
      "type": "feature",
      "list_price": 412.0,
      "additional_price": 5.0,
      "advanced_features": 1.0,
      "specila_items": [
        {
          "item_id": 1,
          "title": "Car 1 Speacial item1",
          "price": 10.1
        },
        {
          "item_id": 2,
          "title": "Car 1 Speacial item1",
          "price": 10.1
        },
        {
          "item_id": 3,
          "title": "Car 1 Speacial item2",
          "price": 10.2
        },
        {
          "item_id": 4,
          "title": "Car 1 Speacial item3",
          "price": 10.3
        },
        {
          "item_id": 5,
          "title": "Car 1 Speacial item4",
          "price": 10.4
        },
        {
          "item_id": 6,
          "title": "Car 1 Speacial item5",
          "price": 10.5
        },
        {
          "item_id": 7,
          "title": "Car 1 Speacial item6",
          "price": 10.6
        },
        {
          "item_id": 8,
          "title": "Car 1 Speacial item7",
          "price": 10.7
        },
        {
          "item_id": 9,
          "title": "Car 1 Speacial item8",
          "price": 10.8
        },
        {
          "item_id": 10,
          "title": "Car 1 Speacial item9",
          "price": 10.9
        },
        {
          "item_id": 11,
          "title": "Car 1 Speacial item0",
          "price": 11.0
        }
      ]
    },
    "annual_cost_and_environment": {
      "type": "monrony label",
      "annual_cost_and_environment_id": 12,
      "annual_cost_fuel": "$2,000",
      "fuel_economy_greenhouse_gas_rating": "4.1",
      "smog_rating": "4.3",
      "grams_CO2_per_mile": "545",
      "monroney_id": 9
    },
    "fuel_economy": {
      "type": "monrony label",
      "fuel_economy_id": 11,
      "energy_type": "gasoline",
      "mpg_city": "23",
      "mpg_highway": "20",
      "mpg_combined": "25",
      "gallons_per_100_miles": "345",
      "spend_in_gas": "$2,000",
      "fuel_economy_text_description": "Car 1 Fuel Economy text description",
      "monroney_id": 9
    },
    "parts_content_information": {
      "type": "monrony label",
      "parts_content_information_id": 13,
      "us_canadian_content": "%10",
      "major_source_foreign_parts1_name": "Croatia",
      "major_source_foreign_parts1_amount": "%13",
      "major_source_foreign_parts2_name": "Iran",
      "major_source_foreign_parts2_amount": "%99",
      "final_assembly_point": "Mexico",
      "country_of_origin": "Sweden",
      "transmission_parts_origin": "Japan",
      "monroney_id": 9
    },
    "vehicle_identification": {
      "type": "monrony label",
      "vehicle_identification_id": 15,
      "model_year": 2022,
      "color": "Green",
      "vin": "20201919vinnumber",
      "monroney_id": 9
    },

    "gov_ratings": {
      "type": "monrony label",
      "gov_ratings_id": 14,
      "gov_vehicle_score": "6.101",
      "gov_frontal_score": "7.191913",
      "gov_rollover_risk": "8.1133",
      "vehicle_type_and_chasis": "Car 1 type and chasis",
      "monroney_id": 9
    },
    "importation": {
      "type": "monrony label",
      "importation_id": 16,
      "port_of_importation": "Port Arthur",
      "delivered_by": "Ship",
      "delivery_address": "7700445 Long Drive",
      "monroney_id": 9
    }
  }
}
